id,lastname,firstname,sex,street_number,street_name,city,postcode,region
5e731c87-f1ed-489e-a52a-379118948c47,NARBUVOLD,Earlie,male,39,E OSAGE CIR,BENSON CITY,85602,Wyoming
4453c881-9ca0-4173-8edf-10a6f087579b,VEDAA,Epsie,female,444,E KERBY FARMS RD,CHANDLER,85249,Idaho
591db854-2d0f-4c45-842c-b245ca4db880,ELAMIN,Philo,male,363,S LAVEEN PL,CHANDLER,85226,California
be2a0ffc-a7f3-41c6-b689-2107c222d41e,SALEMME,Texanna,female,334,N CACTUS CT,PINAL CO,85242,Oregon
42254c50-11f2-405e-a434-f213dc529073,KROSKY,Barbie,female,201,N 14TH ST,NEW RIVER,85087,Hawaii
1deab8f4-1d1f-45c6-8de3-6a6daf23b573,HEGGSUM,Destini,female,334,W 9TH PL N,MESA,85201,Oregon
475accae-60b0-40e1-9a6b-4f8ad66de7a9,GALASKA,Hazen,male,265,N ROANOKE,MESA,85205,Wyoming
c104f9d7-4357-46bc-a3e5-d967dbd55f65,RATOVICIUS,Wanda,female,183,S 7TH WY,PHOENIX,85042,Montana
9fb3bee5-35a4-4882-af89-9c544c244edc,EHRLICHMAN,Judge,male,293,N BULLMOOSE DR,CHANDLER,85224,California
9119e2a8-383d-44e1-97a9-195fc5341aaa,HARSTAD,Mckayla,female,93,S ROSE,MESA,85204,Wyoming
2ec3e189-7ea0-4ba2-ad97-880cff4af23d,BUDHU,Kaliyah,female,139,E SADDLEBACK TRL,STAR VALLEY,85541,Idaho
227563f7-ffd9-461e-961c-d055f92f2882,FJELLESTAD,Titus,male,335,PEREGRINE RD,FOREST RANCH,95942,California
458c4a00-0483-4798-9637-33d057f399ad,BÄTZNER,Kenji,male,166,W KNUDSEN DR,PHOENIX,85027,Washington
1db2dbc1-13a2-42aa-8025-577e0152e370,HULLER,Demetri,male,276,W POINT RIDGE RD,BUCKEYE,85396,Montana
e2f02847-1809-4bf0-ab8f-358e861db57b,GLORIO,Judi,female,290,S 171ST LN,GOODYEAR,85338,California
10681bf6-4e1a-46c6-83fb-97e77a399f7a,PIFKA,Rayburn,male,367,36 3/4 Road,PALISADE,81526,Colorado
da1f9f19-7390-455a-9da1-1873d92b02fe,COTTREAU,Dortha,female,420,S 219TH CT,QUEEN CREEK,85142,Colorado
65598bcb-a44b-4de7-8cef-01eb4768c1b0,PIUHOLA,Trish,female,372,1S3E15CB 1800,GRESHAM,97080,Oregon
cb292125-3e33-403b-82df-3d3f7a2c1003,RONGSTAD,Santana,male,248,W VISTA BONITA DR,PHOENIX,85027,Alaska
15e94089-e174-4038-93da-47403c340a3f,MABEL ORELLANA,Darla,female,85,N ROGERS AVE,DOUGLAS CITY SECTOR C,85607,New Mexico
42813f37-cb41-49f7-a475-cd4a337fd850,LOTSPEICH,Eldon,male,60,E MIAMI,PHOENIX,85040,Hawaii
c5ce838e-cea8-4c32-aca0-957d81e67174,CARRERES,June,male,424,W ROYAL RIDGE DR,SUN CITY,85351,California
b4689ac3-4694-4b2f-8afd-748cca92c7b1,CASTRO MASSA,Mahlon,male,452,S LONGMORE,MESA,85202,Utah
c2d3f0c9-0ebb-4252-8491-c2966975b323,BAJIĆ,Carissa,female,158,W KEEGAN ST,MIAMI,85539,Hawaii
086144d5-102c-4efc-9bb5-b6ad549e1bdb,BUSCHOW,Netta,female,167,W IRONWOOD DR,SUN CITY,85351,Utah
f7bebd5b-e80b-43e7-bd6a-70e131e1f948,LASO,Ken,male,459,S HAZEL CT,GILBERT,85296,Hawaii
99777ab6-4720-4ecb-8392-eb4eb3f8556b,CUTSHAW,Ashely,female,67,W 250  N,ELMO,84521,Utah
a0eafe52-49c5-411f-9c69-889e13c293fc,Q24953546,Nohely,female,107,S 142ND ST,GILBERT,85295,Washington
54f7c82a-e159-4ff2-87cb-6dea03ba743e,MIRPURI,Ashanti,female,39,HAGER LN,GLENWOOD SPRINGS,81601,Washington
b3a0db46-c103-4710-99f8-e65e8f015dbd,JARC,Patrick,male,172,E BACKUS RD,MESA,85213,Montana
39b299d1-e2db-437b-9502-d42528a2b85b,AZPIROZ,Veda,female,225,W THUNDER PASS RD,MESCAL,85602,Arizona
2f77be5b-ebb6-4600-9d0e-f75fa936901f,SCHINZEL,Howell,male,17,E DIXILETA DR,SCOTTSDALE,85266,Nevada
79f00d1c-bab5-467f-b5a0-f5df4746e13f,CABO,Vonnie,female,442,W HOVEY AVE,WITTMANN,85361,Idaho
26d5c255-59bb-4205-bd77-99184c32b8b0,ALBERGUCCI,Tiny,female,425,E GREENBACK VALLEY RD,TONTO BASIN,85553,Washington
e5b0c315-6068-4c6b-8820-79c90ea9cf94,DE SAGASTIZABAL,Eino,male,139,N POPPY ST,WICKENBURG,85390,Nevada
a008d012-1a31-496b-b666-47aba07c9c7b,SIMONE,Roby,male,245,E DESERT SKY LN,POMERENE,85602,Colorado
80e4adac-7f94-4ed9-82fb-2f1a9c3ab490,PYO,Nathalia,female,284,E FAWN DR,PHOENIX,85042,Alaska
4ff79f31-cb5b-4748-b38e-f7e00eebe796,HUGGARD,Anderson,male,47,E CONNOR RD,SIERRA VISTA,85650,Hawaii
b1530d09-a8db-469e-adf9-840afd10496b,HELKOVAARA,Martine,female,149,S SEDONA DR,SUN LAKES,85248,Colorado
786def4c-e2f7-48f3-b3ba-caba081321a0,MÜLLER-STAHL,Kristopher,male,157,N 223RD DR,WITTMANN,85361,Utah
8fa3c0dd-f8af-443f-93da-a98e1c859cc5,KINES,Windell,male,430,N 2ND WY,PHOENIX,85020,Montana
af59a2a2-d694-48f2-919e-dbc418092fee,CARRELL,Sybilla,female,406,N LAZY LN,CAREFREE,85377,Idaho
bb42ccb6-a9a8-4d4a-80ce-8aa8b4b3f684,SBATTELLA,Ruby,male,42,N STEWART CIR,MESA,85201,California
74a93ebb-5e4f-4784-9f38-7d7c2768c1ec,ŠMEHLÍK,Ula,female,248,W PEORIA AVE,EL MIRAGE,85335,Oregon
67fb8389-d6c5-470e-832d-571ea2671cc9,LINFIELD,Irwin,male,110,W SARATOGA CIR,SUN CITY,85351,Oregon
